<?xml version="1.0" encoding="UTF-8"?>
<GenRun Id="impl_1" LaunchPart="xc7a35tcpg236-1" LaunchTime="1639937676">
  <File Type="WBT-USG" Name="usage_statistics_webtalk.html"/>
  <File Type="BITSTR-SYSDEF" Name="lab111.sysdef"/>
  <File Type="BITSTR-LTX" Name="debug_nets.ltx"/>
  <File Type="BITSTR-LTX" Name="lab111.ltx"/>
  <File Type="BG-BGN" Name="lab111.bgn"/>
  <File Type="RNPI_FILE" Name="lab111.rnpi"/>
  <File Type="BG-DRC" Name="lab111.drc"/>
  <File Type="CFI_FILE" Name="lab111.cfi"/>
  <File Type="RCFI_FILE" Name="lab111.rcfi"/>
  <File Type="BITSTR-MMI" Name="lab111.mmi"/>
  <File Type="BITSTR-BMM" Name="lab111_bd.bmm"/>
  <File Type="BITSTR-NKY" Name="lab111.nky"/>
  <File Type="BITSTR-RBT" Name="lab111.rbt"/>
  <File Type="RBD_FILE" Name="lab111.rbd"/>
  <File Type="BITSTR-MSK" Name="lab111.msk"/>
  <File Type="NPI_FILE" Name="lab111.npi"/>
  <File Type="BG-BIN" Name="lab111.bin"/>
  <File Type="PDI-FILE" Name="lab111.pdi"/>
  <File Type="BG-BIT" Name="lab111.bit"/>
  <File Type="POSTROUTE-PHYSOPT-BUS-SKEW-RPX" Name="lab111_bus_skew_postroute_physopted.rpx"/>
  <File Type="POSTROUTE-PHYSOPT-BUS-SKEW-PB" Name="lab111_bus_skew_postroute_physopted.pb"/>
  <File Type="POSTROUTE-PHYSOPT-BUS-SKEW" Name="lab111_bus_skew_postroute_physopted.rpt"/>
  <File Type="POSTROUTE-PHYSOPT-TIMING-RPX" Name="lab111_timing_summary_postroute_physopted.rpx"/>
  <File Type="RDI-RDI" Name="lab111.vdi"/>
  <File Type="POSTROUTE-PHYSOPT-TIMING-PB" Name="lab111_timing_summary_postroute_physopted.pb"/>
  <File Type="POSTROUTE-PHYSOPT-TIMING" Name="lab111_timing_summary_postroute_physopted.rpt"/>
  <File Type="POSTROUTE-PHYSOPT-BLACKBOX-DCP" Name="lab111_postroute_physopt_bb.dcp"/>
  <File Type="POSTROUTE-PHYSOPT-DCP" Name="lab111_postroute_physopt.dcp"/>
  <File Type="ROUTE-BUS-SKEW" Name="lab111_bus_skew_routed.rpt"/>
  <File Type="ROUTE-CLK" Name="lab111_clock_utilization_routed.rpt"/>
  <File Type="ROUTE-SIMILARITY" Name="lab111_incremental_reuse_routed.rpt"/>
  <File Type="ROUTE-TIMING-RPX" Name="lab111_timing_summary_routed.rpx"/>
  <File Type="ROUTE-TIMING-PB" Name="lab111_timing_summary_routed.pb"/>
  <File Type="ROUTE-TIMINGSUMMARY" Name="lab111_timing_summary_routed.rpt"/>
  <File Type="ROUTE-STATUS-PB" Name="lab111_route_status.pb"/>
  <File Type="ROUTE-STATUS" Name="lab111_route_status.rpt"/>
  <File Type="ROUTE-PWR-RPX" Name="lab111_power_routed.rpx"/>
  <File Type="ROUTE-PWR-SUM" Name="lab111_power_summary_routed.pb"/>
  <File Type="ROUTE-PWR" Name="lab111_power_routed.rpt"/>
  <File Type="ROUTE-METHODOLOGY-DRC-PB" Name="lab111_methodology_drc_routed.pb"/>
  <File Type="ROUTE-METHODOLOGY-DRC-RPX" Name="lab111_methodology_drc_routed.rpx"/>
  <File Type="ROUTE-METHODOLOGY-DRC" Name="lab111_methodology_drc_routed.rpt"/>
  <File Type="ROUTE-DRC-RPX" Name="lab111_drc_routed.rpx"/>
  <File Type="ROUTE-DRC-PB" Name="lab111_drc_routed.pb"/>
  <File Type="ROUTE-DRC" Name="lab111_drc_routed.rpt"/>
  <File Type="ROUTE-BLACKBOX-DCP" Name="lab111_routed_bb.dcp"/>
  <File Type="ROUTE-DCP" Name="lab111_routed.dcp"/>
  <File Type="ROUTE-ERROR-DCP" Name="lab111_routed_error.dcp"/>
  <File Type="PHYSOPT-TIMING" Name="lab111_timing_summary_physopted.rpt"/>
  <File Type="PHYSOPT-DRC" Name="lab111_drc_physopted.rpt"/>
  <File Type="PHYSOPT-DCP" Name="lab111_physopt.dcp"/>
  <File Type="POSTPLACE-PWROPT-TIMING" Name="lab111_timing_summary_postplace_pwropted.rpt"/>
  <File Type="POSTPLACE-PWROPT-DCP" Name="lab111_postplace_pwropt.dcp"/>
  <File Type="PLACE-TIMING" Name="lab111_timing_summary_placed.rpt"/>
  <File Type="PLACE-PRE-SIMILARITY" Name="lab111_incremental_reuse_pre_placed.rpt"/>
  <File Type="PLACE-SIMILARITY" Name="lab111_incremental_reuse_placed.rpt"/>
  <File Type="PLACE-CTRL" Name="lab111_control_sets_placed.rpt"/>
  <File Type="PLACE-UTIL-PB" Name="lab111_utilization_placed.pb"/>
  <File Type="PLACE-UTIL" Name="lab111_utilization_placed.rpt"/>
  <File Type="PLACE-CLK" Name="lab111_clock_utilization_placed.rpt"/>
  <File Type="PLACE-IO" Name="lab111_io_placed.rpt"/>
  <File Type="PLACE-DCP" Name="lab111_placed.dcp"/>
  <File Type="PWROPT-TIMING" Name="lab111_timing_summary_pwropted.rpt"/>
  <File Type="PWROPT-DRC" Name="lab111_drc_pwropted.rpt"/>
  <File Type="PWROPT-DCP" Name="lab111_pwropt.dcp"/>
  <File Type="OPT-TIMING" Name="lab111_timing_summary_opted.rpt"/>
  <File Type="OPT-HWDEF" Name="lab111.hwdef"/>
  <File Type="OPT-METHODOLOGY-DRC" Name="lab111_methodology_drc_opted.rpt"/>
  <File Type="OPT-DRC" Name="lab111_drc_opted.rpt"/>
  <File Type="OPT-DCP" Name="lab111_opt.dcp"/>
  <File Type="INIT-TIMING" Name="lab111_timing_summary_init.rpt"/>
  <File Type="ROUTE-BUS-SKEW-RPX" Name="lab111_bus_skew_routed.rpx"/>
  <File Type="REPORTS-TCL" Name="lab111_reports.tcl"/>
  <File Type="ROUTE-BUS-SKEW-PB" Name="lab111_bus_skew_routed.pb"/>
  <File Type="PA-TCL" Name="lab111.tcl"/>
  <FileSet Name="sources" Type="DesignSrcs" RelSrcDir="$PSRCDIR/sources_1" RelGenDir="$PGENDIR/sources_1">
    <Filter Type="Srcs"/>
    <File Path="$PSRCDIR/sources_1/new/top.vhd">
      <FileInfo>
        <Attr Name="UsedIn" Val="synthesis"/>
        <Attr Name="UsedIn" Val="simulation"/>
      </FileInfo>
    </File>
    <Config>
      <Option Name="DesignMode" Val="RTL"/>
      <Option Name="TopModule" Val="lab111"/>
      <Option Name="TopAutoSet" Val="TRUE"/>
    </Config>
  </FileSet>
  <FileSet Name="constrs_in" Type="Constrs" RelSrcDir="$PSRCDIR/constrs_1">
    <Filter Type="Constrs"/>
    <File Path="$PSRCDIR/constrs_1/new/const.xdc">
      <FileInfo>
        <Attr Name="UsedIn" Val="synthesis"/>
        <Attr Name="UsedIn" Val="implementation"/>
      </FileInfo>
    </File>
    <Config>
      <Option Name="ConstrsType" Val="XDC"/>
    </Config>
  </FileSet>
  <FileSet Name="utils" Type="Utils" RelSrcDir="$PSRCDIR/utils_1">
    <Filter Type="Utils"/>
    <Config>
      <Option Name="TopAutoSet" Val="TRUE"/>
    </Config>
  </FileSet>
  <Strategy Version="1" Minor="2">
    <StratHandle Name="Vivado Implementation Defaults" Flow="Vivado Implementation 2021"/>
    <Step Id="init_design"/>
    <Step Id="opt_design"/>
    <Step Id="power_opt_design"/>
    <Step Id="place_design"/>
    <Step Id="post_place_power_opt_design"/>
    <Step Id="phys_opt_design"/>
    <Step Id="route_design"/>
    <Step Id="post_route_phys_opt_design"/>
    <Step Id="write_bitstream"/>
  </Strategy>
</GenRun>
